"","Method","Batch correction","Bio conservation","Total"
"5","inVAE",0.78979059,0.53358173,0.636065274
"1","PCA",0.76533255,0.53930252,0.629714532
"3","Combat (PCA)",0.733848005,0.54582479,0.621034076
"2","scVI",0.76107325,0.5044378,0.60709198
"4","scPoli",0.70926704,0.51695235,0.593878226
